,period,year,Index,M/M % Ch.
0,1.0,2022,210.961460488,0.0
1,2.0,2022,212.602438988,0.0077785700582659
2,3.0,2022,216.466657412,0.0181757953596106
3,4.0,2022,217.435715538,0.0044767085036823
4,5.0,2022,220.262691188,0.0130014319083009
5,6.0,2022,224.747906718,0.0203630288262106
6,7.0,2022,224.71016181,-0.0001679433128041
7,8.0,2022,225.110535956,0.0017817358270542
